employeeID,lastName,firstName,title,birthDate,hireDate,address,city,region,postalCode,country,reportsTo
1,Davolio,Nancy,Sales Representative,1948-12-08 00:00:00.000,1992-05-01 00:00:00.000,507 20th Ave. E. Apt. 2A,Seattle,WA,98122,USA,2.0
2,Fuller,Andrew,Vice President Sales,1952-02-19 00:00:00.000,1992-08-14 00:00:00.000,908 W. Capital Way,Tacoma,WA,98401,USA,
3,Leverling,Janet,Sales Representative,1963-08-30 00:00:00.000,1992-04-01 00:00:00.000,722 Moss Bay Blvd.,Kirkland,WA,98033,USA,2.0
4,Peacock,Margaret,Sales Representative,1937-09-19 00:00:00.000,1993-05-03 00:00:00.000,4110 Old Redmond Rd.,Redmond,WA,98052,USA,2.0
5,Buchanan,Steven,Sales Manager,1955-03-04 00:00:00.000,1993-10-17 00:00:00.000,14 Garrett Hill,London,,SW1 8JR,UK,2.0
6,Suyama,Michael,Sales Representative,1963-07-02 00:00:00.000,1993-10-17 00:00:00.000,Coventry House Miner Rd.,London,,EC2 7JR,UK,5.0
7,King,Robert,Sales Representative,1960-05-29 00:00:00.000,1994-01-02 00:00:00.000,Edgeham Hollow Winchester Way,London,,RG1 9SP,UK,5.0
8,Callahan,Laura,Inside Sales Coordinator,1958-01-09 00:00:00.000,1994-03-05 00:00:00.000,4726 11th Ave. N.E.,Seattle,WA,98105,USA,2.0
9,Dodsworth,Anne,Sales Representative,1966-01-27 00:00:00.000,1994-11-15 00:00:00.000,7 Houndstooth Rd.,London,,WG2 7LT,UK,5.0
